PDB_Name,PDB_ID,Max_PDB_TM,RMSD,TM_Score,Length
length_160_1_1,3umr.cif.gz_A,0.5864,0.6867624570492363,0.974904576785682,160
length_145_3_77,5yqp.cif.gz_B,0.6735,0.5507200502701198,0.9807163434507036,145
length_100_5_35,7lej.cif.gz_A,0.91,0.7786349994122834,0.9451929869358492,100
